{
  "0A9B4653-B11E-4D6A-850E-C6FCB621626C" : {
    "cameraTransform" : [
      0.98073142766952515,
      -1.9820145524818145e-10,
      -0.19536100327968597,
      0,
      -0.10051192343235016,
      0.85749435424804688,
      -0.50457978248596191,
      0,
      0.16752095520496368,
      0.51449334621429443,
      0.84097164869308472,
      0,
      0.090841911733150482,
      0.058492958545684814,
      0.13903293013572693,
      1
    ],
    "objectMetadataList" : [
      [
        "0A9B4653-B11E-4D6A-850E-C6FCB621626C",
        "Root"
      ],
      {
        "isExpanded" : true,
        "isLocked" : false
      },
      [
        "0A9B4653-B11E-4D6A-850E-C6FCB621626C",
        "Root",
        "Sphere"
      ],
      {
        "isExpanded" : true,
        "isLocked" : false
      },
      [
        "0A9B4653-B11E-4D6A-850E-C6FCB621626C",
        "Root",
        "GridMaterial"
      ],
      {
        "isExpanded" : true,
        "isLocked" : false
      }
    ]
  },
  "0E3B7692-21C5-4136-AF22-361221484D1B" : {
    "cameraTransform" : [
      1,
      0,
      -0,
      0,
      -0,
      0.86602544784545898,
      -0.49999988079071045,
      0,
      0,
      0.49999988079071045,
      0.86602544784545898,
      0,
      0,
      0.27138695120811462,
      0.47025606036186218,
      1
    ],
    "objectMetadataList" : [
      [
        "0E3B7692-21C5-4136-AF22-361221484D1B",
        "Root"
      ],
      {
        "isExpanded" : true,
        "isLocked" : false
      }
    ]
  },
  "01A389CE-549D-43D4-8082-422095AD9977" : {
    "cameraTransform" : [
      0.99999994039535522,
      0,
      0,
      0,
      0,
      0.86602550745010376,
      -0.49999988079071045,
      0,
      0,
      0.49999988079071045,
      0.86602550745010376,
      0,
      0,
      0.27093541622161865,
      0.46927398443222046,
      1
    ],
    "objectMetadataList" : [
      [
        "01A389CE-549D-43D4-8082-422095AD9977",
        "Root"
      ],
      {
        "isExpanded" : true,
        "isLocked" : false
      },
      [
        "01A389CE-549D-43D4-8082-422095AD9977",
        "Root",
        "GridMaterial"
      ],
      {
        "isExpanded" : true,
        "isLocked" : false
      }
    ]
  },
  "1CBF3893-ABFD-408C-8B91-045BFD257808" : {
    "cameraTransform" : [
      0.99999994039535522,
      0,
      0,
      0,
      0,
      0.86602550745010376,
      -0.49999988079071045,
      0,
      0,
      0.49999988079071045,
      0.86602550745010376,
      0,
      0,
      0.27093541622161865,
      0.46927398443222046,
      1
    ],
    "objectMetadataList" : [

    ]
  },
  "03E02005-EFA6-48D6-8A76-05B2822A74E9" : {
    "cameraTransform" : [
      0.99999994039535522,
      0,
      0,
      0,
      0,
      0.86602538824081421,
      -0.49999994039535522,
      0,
      0,
      0.49999994039535522,
      0.86602538824081421,
      0,
      0,
      0.59819567203521729,
      1.0361053943634033,
      1
    ],
    "objectMetadataList" : [

    ]
  },
  "3FF57C8B-5F69-4839-BA33-5CD3FE99400A" : {
    "cameraTransform" : [
      1,
      0,
      -0,
      0,
      -0,
      0.86602550745010376,
      -0.49999985098838806,
      0,
      0,
      0.49999985098838806,
      0.86602550745010376,
      0,
      0,
      0.27093479037284851,
      0.46927285194396973,
      1
    ],
    "objectMetadataList" : [
      [
        "3FF57C8B-5F69-4839-BA33-5CD3FE99400A",
        "Root"
      ],
      {
        "isExpanded" : true,
        "isLocked" : false
      }
    ]
  },
  "7EF42796-68EE-4330-954D-0853FBBEB57C" : {
    "cameraTransform" : [
      0.99999994039535522,
      0,
      0,
      0,
      0,
      0.86602550745010376,
      -0.49999988079071045,
      0,
      0,
      0.49999988079071045,
      0.86602550745010376,
      0,
      0,
      0.27093541622161865,
      0.46927398443222046,
      1
    ],
    "objectMetadataList" : [

    ]
  },
  "26DBAE76-5DD8-47B6-A085-1B4ADA111097" : {
    "cameraTransform" : [
      0.19803646206855774,
      4.0888004093631025e-10,
      -0.98019462823867798,
      0,
      -0.50555825233459473,
      0.85672515630722046,
      -0.10214190185070038,
      0,
      0.83975744247436523,
      0.51577317714691162,
      0.16966281831264496,
      0,
      1.0369350910186768,
      0.56134551763534546,
      0.11492238193750381,
      1
    ],
    "objectMetadataList" : [
      [
        "26DBAE76-5DD8-47B6-A085-1B4ADA111097",
        "Root"
      ],
      {
        "isExpanded" : true,
        "isLocked" : false
      }
    ]
  },
  "34C460AE-CA1B-4348-BD05-621ACBDFFE97" : {
    "cameraTransform" : [
      0.99999994039535522,
      0,
      0,
      0,
      0,
      0.86602550745010376,
      -0.49999988079071045,
      0,
      0,
      0.49999988079071045,
      0.86602550745010376,
      0,
      0,
      0.27093541622161865,
      0.46927398443222046,
      1
    ],
    "objectMetadataList" : [

    ]
  },
  "88BC5064-63B6-447F-8F99-1391C62E503E" : {
    "cameraTransform" : [
      1,
      0,
      -0,
      0,
      -0,
      0.86602550745010376,
      -0.49999985098838806,
      0,
      0,
      0.49999985098838806,
      0.86602550745010376,
      0,
      0,
      0.27093479037284851,
      0.46927285194396973,
      1
    ],
    "objectMetadataList" : [
      [
        "88BC5064-63B6-447F-8F99-1391C62E503E",
        "Root"
      ],
      {
        "isExpanded" : true,
        "isLocked" : false
      }
    ]
  },
  "440DE5B4-E4E4-459B-AABF-9ACE96319272" : {
    "cameraTransform" : [
      0.99999994039535522,
      0,
      0,
      0,
      0,
      0.86602538824081421,
      -0.49999994039535522,
      0,
      0,
      0.49999994039535522,
      0.86602538824081421,
      0,
      0,
      0.59819567203521729,
      1.0361053943634033,
      1
    ],
    "objectMetadataList" : [
      [
        "440DE5B4-E4E4-459B-AABF-9ACE96319272",
        "Root"
      ],
      {
        "isExpanded" : true,
        "isLocked" : false
      }
    ]
  },
  "815E594D-4F21-432E-9216-4695CD8D1C3D" : {
    "cameraTransform" : [
      1,
      0,
      -0,
      0,
      -0,
      0.86602544784545898,
      -0.49999988079071045,
      0,
      0,
      0.49999988079071045,
      0.86602544784545898,
      0,
      0,
      0.27138695120811462,
      0.47025606036186218,
      1
    ],
    "objectMetadataList" : [
      [
        "815E594D-4F21-432E-9216-4695CD8D1C3D",
        "Root"
      ],
      {
        "isExpanded" : true,
        "isLocked" : false
      }
    ]
  },
  "6264FC17-CD7B-4FF2-8286-2DC4B8E5685F" : {
    "cameraTransform" : [
      1,
      0,
      -0,
      0,
      -0,
      0.86602550745010376,
      -0.49999985098838806,
      0,
      0,
      0.49999985098838806,
      0.86602550745010376,
      0,
      0,
      0.27093479037284851,
      0.46927285194396973,
      1
    ],
    "objectMetadataList" : [
      [
        "6264FC17-CD7B-4FF2-8286-2DC4B8E5685F",
        "Root"
      ],
      {
        "isExpanded" : true,
        "isLocked" : false
      }
    ]
  },
  "71393687-2933-4D8A-AC10-8E59942BADC1" : {
    "cameraTransform" : [
      0.99999994039535522,
      0,
      0,
      0,
      0,
      0.86602550745010376,
      -0.49999988079071045,
      0,
      0,
      0.49999988079071045,
      0.86602550745010376,
      0,
      0,
      0.27093541622161865,
      0.46927398443222046,
      1
    ],
    "objectMetadataList" : [
      [
        "71393687-2933-4D8A-AC10-8E59942BADC1",
        "Root"
      ],
      {
        "isExpanded" : true,
        "isLocked" : false
      }
    ]
  },
  "A6DB69E9-0556-4482-901D-945488E25DD8" : {
    "cameraTransform" : [
      1,
      0,
      -0,
      0,
      -0,
      0.86602544784545898,
      -0.49999988079071045,
      0,
      0,
      0.49999988079071045,
      0.86602544784545898,
      0,
      0,
      0.27138695120811462,
      0.47025606036186218,
      1
    ],